"","post_id","post_type","xyz"
"1","720575940610502570","CRE011","(147381, 43370, 654)"
"2","720575940619965466","CRE011","(113856.25, 57428, 2917)"
"3","720575940618074388","LAL051_R","112202, 57895, 2666"
"4","720575940603950270","LAL051","(149865.5, 58102, 1640.675)"
"5","720575940625961546","DM1_lPN","(124092.405, 58908.875, 1673)"
"6","720575940618911654","VES016","(116790.5, 62164.75, 2472.05)"
"7","720575940612977770","SMPneuron_L","146007, 25029, 1964"
"8","720575940613616287",NA,NA
"9","720575940625815812",NA,NA
"10","720575940625822120",NA,NA
"11","720575940624912536","DNp42","(136230, 83364, 5798)"
"12","720575940622206707","WEDPN4","(101778.14, 62440.335, 4163)"
"13","720575940609442766","WEDPN4_L","161918, 60445, 3863"
"14","720575940613406786","mALB1","(163131.725, 40543.255, 3267)"
"15","720575940628793285",NA,NA
"16","720575940630164807",NA,NA
"17","720575940615602210",NA,NA
"18","720575940619080118",NA,NA
"19","720575940621015309","SMP151","(149574.7, 32805.4175, 2671)"
"20","720575940630521764",NA,NA
"21","720575940632626839","SMPneuron_R","113798, 24321, 2558"
"22","720575940607493956",NA,NA
"23","720575940636741446","CRE076","(117394.46, 32216.0125, 3006)"
"24","720575940625063817","SMP175","(119376.415, 31065.25, 3750)"
"25","720575940620520268","mALB1_L","101141, 38759, 3833"
"26","720575940622506248","CRE050","(134763.175, 40414.1125, 2153)"
"27","720575940622791316",NA,NA
"28","720575940622224904","VES013","(118485.8, 64223.05, 2424)"
"29","720575940625475727",NA,NA
"30","720575940611776749","SIP087","(136835.75, 39200.62, 2299)"
"31","720575940639208949","AL-MBDL1","(131083.375, 51012.6, 1568)"
"32","720575940608524920",NA,NA
"33","720575940623071246","DNp42","(127780, 82559, 5798)"
"34","720575940603338016","MB-C1","(94695.86, 40673.48, 4462)"
"35","720575940613902523",NA,NA
"36","720575940622513928",NA,NA
"37","720575940603478118","LAL115_L","151129, 61505, 2274"
"38","720575940628185916",NA,NA
"39","720575940614875990","CRE050","(125701.825, 39090.25, 2195)"
"40","720575940621981621",NA,NA
"41","720575940628647286","AL-MBDL1_L","130989, 51844, 1568"
"42","720575940647405177",NA,NA
"43","720575940603996337",NA,NA
"44","720575940629661763","NULL","155638, 67849, 1964"
"45","720575940615177245",NA,NA
"46","720575940625305098","LAL115","(110942.5, 58990.25, 2657.2)"
"47","720575940621379731",NA,NA
"48","720575940632464831",NA,NA
"49","720575940640483784",NA,NA
"50","720575940609747093",NA,NA
"51","720575940604006833","OA-VUMa6","(121718.75, 36654.75, 3270)"
"52","720575940608479790",NA,NA
"53","720575940624449794","DP1m_adPN","(100247.975, 33377.4, 4681)"
"54","720575940621942507",NA,NA
"55","720575940609178062",NA,NA
"56","720575940629790520",NA,NA
"57","720575940604877954",NA,NA
"58","720575940629230351",NA,NA
"59","720575940644250659",NA,NA
"60","720575940629678393",NA,NA
"61","720575940630940205",NA,NA
"62","720575940613563039",NA,NA
"63","720575940625930728","v2LN37","(110621.125, 67560.8825, 1774)"
"64","720575940634402679",NA,NA
"65","720575940631794969","v2LN37_L","150374, 67609, 928"
"66","720575940623384909",NA,NA
"67","720575940620972301",NA,NA
"68","720575940617895765",NA,NA
"69","720575940621326314",NA,NA
"70","720575940618652525",NA,NA
"71","720575940619775612",NA,NA
"72","720575940644368692",NA,NA
"73","720575940626425841",NA,NA
"74","720575940657748865","PPM1201","(113895.945, 54099.1925, 4252)"
"75","720575940619193526",NA,NA
"76","720575940626273552","MB-C1","(95304.555, 37452.6125, 4547)"
"77","720575940608785618",NA,NA
"78","720575940630224711","SLP236","(102396.25, 42581.335, 4252)"
"79","720575940639676545",NA,NA
"80","720575940630208047",NA,NA
"81","720575940629324074",NA,NA
"82","720575940644600884","SMP443","(111234.375, 30842.1025, 3116)"
"83","720575940619112033",NA,NA
"84","720575940624847485",NA,NA
"85","720575940625530133","SIP090","(100466.93, 35257.34, 3891)"
"86","720575940657700737",NA,NA
"87","720575940643308654",NA,NA
"88","720575940609321166","DM4_adPN","(108520.75, 32098, 4699)"
"89","720575940619813161",NA,NA
"90","720575940612421799",NA,NA
"91","720575940626850347",NA,NA
"92","720575940638360821",NA,NA
"93","720575940613860402",NA,NA
"94","720575940617884097",NA,NA
"95","720575940618826349",NA,NA
"96","720575940640269000",NA,NA
"97","720575940606483925",NA,NA
"98","720575940628504663","LAL183","(137684.5, 57391.5675, 3349)"
"99","720575940647678329",NA,NA
"100","720575940644504099",NA,NA
"101","720575940609942169",NA,NA
"102","720575940625604625",NA,NA
"103","720575940608904146",NA,NA
"104","720575940612775058",NA,NA
"105","720575940658111361","SIP013","(99587.96, 34203.7775, 3900)"
"106","720575940629277970",NA,NA
"107","720575940626123082","SMP002","(108039.82, 33408.3125, 2535)"
"108","720575940608879970",NA,NA
"109","720575940608278648",NA,NA
"110","720575940632957338",NA,NA
"111","720575940614294389",NA,NA
"112","720575940626117575",NA,NA
"113","720575940628944715",NA,NA
"114","720575940626972827",NA,NA
"115","720575940612647318","DN","(127607, 82438, 5798)"
"116","720575940638601680",NA,NA
"117","720575940610813974",NA,NA
"118","720575940623010830",NA,NA
"119","720575940618117467",NA,NA
"120","720575940623395149",NA,NA
"121","720575940611250659",NA,NA
"122","720575940606473685",NA,NA
"123","720575940613275120",NA,NA
"124","720575940616094533",NA,NA
"125","720575940638701301","SMP446","(116735.75, 34623.5, 2738)"
"126","720575940620616925",NA,NA
"127","720575940618754030",NA,NA
"128","720575940625577103",NA,NA
"129","720575940612577790",NA,NA
"130","720575940620849348","VL2a_adPN","(113975.97, 56674.32, 1467)"
"131","720575940625887484",NA,NA
"132","720575940618704294",NA,NA
"133","720575940657580417",NA,NA
"134","720575940612117969",NA,NA
"135","720575940643898497","SMP564","(96828.25, 46669.0275, 4263)"
"136","720575940618821358",NA,NA
"137","720575940622143997","DP1l_adPN","(117816.53, 63826.1675, 2069)"
"138","720575940637680189",NA,NA
"139","720575940625980136","SIP019","(108906.575, 24841.6625, 2685)"
"140","720575940627547586",NA,NA
"141","720575940629009423",NA,NA
"142","720575940606565131",NA,NA
"143","720575940626631017",NA,NA
"144","720575940624291100",NA,NA
"145","720575940618076251",NA,NA
"146","720575940613392140","DM2_lPN","(121947.765, 60104.13, 1618)"
"147","720575940652734625",NA,NA
"148","720575940625726229","ALIN1","(127931.6325, 42743.025, 3764)"
"149","720575940636117055","DN","(131172, 82474, 5798)"
"150","720575940657660801",NA,NA
"151","720575940622850125",NA,NA
"152","720575940625453152",NA,NA
"153","720575940624252700","OA-VPM3","(114092.86, 35233.0775, 1116)"
"154","720575940609727345",NA,NA
"155","720575940618980262","M_spPN5t10","(125306.5, 58029.5, 3251)"
"156","720575940603971761","SMP108","(123560.075, 49066.3825, 1620)"
"157","720575940630065768","OA-VUMa2","(132230.5, 72240.75, 4239)"
"158","720575940627768108","SLP439","(109019.595, 25933.4725, 3217)"
"159","720575940617439537","WEDPN2B","(102148.5075, 61254.0575, 4313)"
"160","720575940628552911",NA,NA
"161","720575940637248829",NA,NA
"162","720575940624711513",NA,NA
"163","720575940624031294",NA,NA
"164","720575940615531705",NA,NA
"165","720575940637214286","VL2p_adPN","(116191.9, 65848.64, 1687)"
"166","720575940618619814","DM2_lPN","(123018.6175, 58774.78, 1654)"
"167","720575940627971072",NA,NA
"168","720575940637281725","OA-VUMa2","(131824.4375, 71616.805, 3521)"
"169","720575940621910711",NA,NA
"170","720575940610270706",NA,NA
"171","720575940646521465",NA,NA
"172","720575940627705600",NA,NA
"173","720575940612299774",NA,NA
"174","720575940627274343",NA,NA
"175","720575940624463961",NA,NA
"176","720575940633479928",NA,NA
"177","720575940619728901","CL112","(117690.75, 69839.25, 2473)"
"178","720575940614136507","LAL171","(133100.5, 57275, 3550)"
"179","720575940620226217",NA,NA
"180","720575940622762424",NA,NA
"181","720575940618373467",NA,NA
"182","720575940631819801",NA,NA
"183","720575940621749687",NA,NA
"184","720575940636001001",NA,NA
"185","720575940615600870",NA,NA
"186","720575940614246173",NA,NA
"187","720575940628254428","MBON31","(112937.57, 38177.605, 1047)"
"188","720575940618329071",NA,NA
"189","720575940606997443",NA,NA
"190","720575940625609476",NA,NA
"191","720575940635743551",NA,NA
"192","720575940643976995",NA,NA
"193","720575940614817117","SMP446","(122354.57, 33232.4525, 2586)"
"194","720575940630300108",NA,NA
"195","720575940621904904","FB5AB","(114942.275, 34055.7025, 3104)"
"196","720575940624531770","VA2_adPN","(120472.8125, 62434.29, 971)"
"197","720575940625643919",NA,NA
"198","720575940620197801","PPL103","(125058.525, 34855.84, 2229)"
"199","720575940623611952","WEDPN3","(100787.75, 58990.73, 4436)"
"200","720575940629793863",NA,NA
"201","720575940621986795",NA,NA
"202","720575940633605556",NA,NA
"203","720575940626206538",NA,NA
"204","720575940634249079",NA,NA
"205","720575940640179085",NA,NA
"206","720575940645417860",NA,NA
"207","720575940618227439",NA,NA
"208","720575940617081304",NA,NA
"209","720575940627525164",NA,NA
"210","720575940610199705",NA,NA
"211","720575940610226418",NA,NA
"212","720575940627971799",NA,NA
"213","720575940638068725",NA,NA
"214","720575940644306467",NA,NA
"215","720575940628820729",NA,NA
"216","720575940627204014","SLP440","(103290.53, 27100.1925, 3520)"
"217","720575940634546318",NA,NA
"218","720575940616472118",NA,NA
"219","720575940625870824","PPL202","(105605.96, 45251.4025, 4828)"
"220","720575940611493329",NA,NA
"221","720575940620539869",NA,NA
"222","720575940618974317",NA,NA
"223","720575940621215743",NA,NA
"224","720575940635533278",NA,NA
"225","720575940637740376",NA,NA
"226","720575940626570768","VA6_adPN","(115491.2575, 59892.3875, 1175)"
"227","720575940633158136",NA,NA
"228","720575940630033735","CL129","(101211.25, 32141.25, 3239)"
"229","720575940630045288",NA,NA
"230","720575940621627575",NA,NA
"231","720575940609893555",NA,NA
"232","720575940629358403",NA,NA
"233","720575940619938593",NA,NA
"234","720575940614151099",NA,NA
"235","720575940627616382",NA,NA
"236","720575940604861641",NA,NA
"237","720575940616417403",NA,NA
"238","720575940625817348","SMP215","(104390.5625, 27771.1, 3908)"
"239","720575940626913127",NA,NA
"240","720575940628549750","VA4_lPN","(115986.1325, 61937.495, 1457)"
"241","720575940635715044",NA,NA
"242","720575940626099630","SMP058","(121384.3, 28211.35, 1663)"
"243","720575940603829094","AVLP571","(108887.5, 48733.5, 3201)"
"244","720575940622715116",NA,NA
"245","720575940621484213",NA,NA
"246","720575940616624182",NA,NA
"247","720575940628000567","M_imPNl92","(130887.5, 85562.25, 3377)"
"248","720575940633259627",NA,NA
"249","720575940633110264",NA,NA
"250","720575940627122046",NA,NA
"251","720575940608687662","M_spPN5t10","(138529.25, 57316.3175, 3012)"
"252","720575940614119029",NA,NA
"253","720575940629237775","VA3_adPN","(118122.25, 60278.735, 1334)"
"254","720575940631693537",NA,NA
"255","720575940632205759","CL268","(103782.1175, 47384.7375, 3559)"
"256","720575940640213889",NA,NA
"257","720575940613788210",NA,NA
"258","720575940637419325",NA,NA
"259","720575940628905035",NA,NA
"260","720575940632513632",NA,NA
"261","720575940610791651","CL359","(107758.64, 45338.3275, 3988)"
"262","720575940634612654",NA,NA
"263","720575940613630476",NA,NA
"264","720575940621487754",NA,NA
"265","720575940626281290",NA,NA
"266","720575940625937393",NA,NA
"267","720575940625257810",NA,NA
"268","720575940653674369",NA,NA
"269","720575940624441177","M_l2PNm14","(117043.1325, 33405.14, 4180)"
"270","720575940629733216",NA,NA
"271","720575940614377920",NA,NA
"272","720575940612175271",NA,NA
"273","720575940620572109",NA,NA
"274","720575940610613618",NA,NA
"275","720575940609218766",NA,NA
"276","720575940631434209","WEDPN3","(99797.64, 57933.6875, 4444)"
"277","720575940630792877",NA,NA
"278","720575940621047832",NA,NA
"279","720575940617210516",NA,NA
"280","720575940625151802",NA,NA
"281","720575940608106542",NA,NA
"282","720575940622118837",NA,NA
"283","720575940614933533",NA,NA
"284","720575940624724101",NA,NA
"285","720575940611235053","VC1_lPN","(95635.78, 33065.5425, 4570)"
"286","720575940615293396","DSKMP3","(104504.1175, 32830.3675, 2715)"
"287","720575940626145966",NA,NA
"288","720575940633581304",NA,NA
"289","720575940615922836",NA,NA
"290","720575940639962497",NA,NA
"291","720575940634228325",NA,NA
"292","720575940630223943",NA,NA
"293","720575940632690330","WEDPN3","(100889.5, 59186.25, 4448)"
"294","720575940602901420","MBON15","(111115.96, 27589.2285, 2795)"
"295","720575940618703782",NA,NA
"296","720575940630869293",NA,NA
"297","720575940639204597",NA,NA
"298","720575940636006234",NA,NA
"299","720575940635692766",NA,NA
"300","720575940614308725",NA,NA
"301","720575940627301242","VA3_adPN","(118457.175, 60349.825, 1324)"
"302","720575940614976541",NA,NA
"303","720575940618519643",NA,NA
"304","720575940609836401","SMP603","(111591.05, 33167.9025, 1547)"
"305","720575940626926595",NA,NA
"306","720575940647636089",NA,NA
"307","720575940638140661",NA,NA
"308","720575940634543472",NA,NA
"309","720575940643556481","SLP396","(108756.5075, 27326.32625, 3702)"
"310","720575940614986269",NA,NA
"311","720575940621519507",NA,NA
"312","720575940627390334",NA,NA
"313","720575940636517190","SLP171","(99966.25, 30970, 3616)"
"314","720575940619980382",NA,NA
"315","720575940624512514","WEDPN2A","(100799.43, 61735.0075, 4274)"
"316","720575940621571818","SMP076","(117573.4925, 25160.4625, 3450)"
"317","720575940611964847",NA,NA
"318","720575940615789061",NA,NA
"319","720575940632730463",NA,NA
"320","720575940618048645","VC3l_adPN","(121262.11, 58791.6375, 1488)"
"321","720575940625319854",NA,NA
"322","720575940616932510",NA,NA
"323","720575940621400361",NA,NA
"324","720575940602424032",NA,NA
"325","720575940609901425",NA,NA
"326","720575940613277888",NA,NA
"327","720575940610275314",NA,NA
"328","720575940617428427",NA,NA
"329","720575940622198792",NA,NA
"330","720575940621868471",NA,NA
"331","720575940626078736",NA,NA
"332","720575940622994253","CRE018","(112549.335, 38652.605, 2354)"
"333","720575940614995590",NA,NA
"334","720575940623064078",NA,NA
"335","720575940619511990",NA,NA
"336","720575940609911409","VM3_adPN","(107448.445, 32614.2775, 4685)"
"337","720575940633635829",NA,NA
"338","720575940629150327",NA,NA
"339","720575940634813552",NA,NA
"340","720575940621485706",NA,NA
"341","720575940629559850","LAL128","(104636, 61249, 2471)"
"342","720575940628962623",NA,NA
"343","720575940616202048","CRE072","(115245.86, 29621.7775, 2772)"
"344","720575940610426085",NA,NA
"345","720575940629963624",NA,NA
"346","720575940621043992",NA,NA
"347","720575940625617234",NA,NA
"348","720575940624076730",NA,NA
"349","720575940623857445",NA,NA
"350","720575940619872261",NA,NA
"351","720575940609953522",NA,NA
"352","720575940608137501","SLP215","(108409.25, 34898.25, 2854)"
"353","720575940610267122",NA,NA
"354","720575940621500413",NA,NA
"355","720575940613901362","VC5_adPN","(100376.11, 32539.92, 4572)"
"356","720575940628247265",NA,NA
"357","720575940641685152","SLP421","(107607.9, 26390.31, 3287)"
"358","720575940618621606",NA,NA
"359","720575940632602303",NA,NA
"360","720575940632659607",NA,NA
"361","720575940645321348","DC1_adPN","(117804.305, 58463.505, 1457)"
"362","720575940630845869",NA,NA
"363","720575940610562930",NA,NA
"364","720575940612099281","CRE102","(111673.2, 31879.71, 3105)"
"365","720575940629491242",NA,NA
"366","720575940620811912",NA,NA
"367","720575940619266032",NA,NA
"368","720575940626125511",NA,NA
"369","720575940628324316",NA,NA
"370","720575940619439476",NA,NA
"371","720575940642714916","ALIN1","(129337.525, 40264.87, 3862)"
"372","720575940624292892",NA,NA
"373","720575940628864087",NA,NA
"374","720575940626610025",NA,NA
"375","720575940611268579","LAL146","(118254.415, 55337.785, 4573)"
"376","720575940628778703","AVLP015","(101575.735, 43804.8625, 2929)"
"377","720575940613629234",NA,NA
"378","720575940636806965",NA,NA
"379","720575940630133600",NA,NA
"380","720575940619043437",NA,NA
"381","720575940621077759",NA,NA
"382","720575940632575204",NA,NA
"383","720575940628466652",NA,NA
"384","720575940621344767",NA,NA
"385","720575940643267950","M_vPNml50","(118190.445, 60474.0475, 1683)"
"386","720575940629176261","CRE001","(108999.445, 35237.53, 2722)"
"387","720575940628380380",NA,NA
"388","720575940626296592",NA,NA
"389","720575940641403009",NA,NA
"390","720575940615275293",NA,NA
"391","720575940618814960","SLP314","(98851.75, 32736.7675, 4286)"
"392","720575940630799093",NA,NA
"393","720575940626260752","SAD006","(119807.225, 39649.715, 2295)"
"394","720575940621390218","ATL004","(124661.5625, 36049.515, 4086)"
"395","720575940617614795",NA,NA
"396","720575940628914007",NA,NA
"397","720575940614956829",NA,NA
"398","720575940627894071","SLP279","(122053, 25859.834, 1837)"
"399","720575940625130121",NA,NA
"400","720575940616620608",NA,NA
"401","720575940627808122",NA,NA
"402","720575940638116597",NA,NA
"403","720575940625294138",NA,NA
"404","720575940603918782",NA,NA
"405","720575940627768770",NA,NA
"406","720575940617942804",NA,NA
"407","720575940615145787",NA,NA
"408","720575940642704407",NA,NA
"409","720575940618289601",NA,NA
"410","720575940630826925",NA,NA
"411","720575940625236538",NA,NA
"412","720575940612682898",NA,NA
"413","720575940621984747",NA,NA
"414","720575940619176432",NA,NA
"415","720575940616305216","SMP031","(105717.05, 35183.0275, 2899)"
"416","720575940615686996",NA,NA
"417","720575940624297624",NA,NA
"418","720575940631218899","VC3l_adPN","(121776.78, 59531.1125, 1514)"
"419","720575940631770852",NA,NA
"420","720575940644244515",NA,NA
"421","720575940615237849","VC2_lPN","(116579.695, 61446.8825, 1488)"
"422","720575940625908200",NA,NA
"423","720575940628161632",NA,NA
"424","720575940615335773",NA,NA
"425","720575940643156846",NA,NA
"426","720575940626613839",NA,NA
"427","720575940609900145",NA,NA
"428","720575940637224782",NA,NA
"429","720575940603907774",NA,NA
"430","720575940612566782",NA,NA
"431","720575940618834086","VM3_adPN","(122684.6175, 61482.325, 1441)"
"432","720575940615712230",NA,NA
"433","720575940603723040",NA,NA
"434","720575940609979610",NA,NA
"435","720575940628056380",NA,NA
"436","720575940617893767",NA,NA
"437","720575940621295082",NA,NA
"438","720575940619952734",NA,NA
"439","720575940602443744","SMP059","(117460.7425, 30030.76375, 1974)"
"440","720575940637065781",NA,NA
"441","720575940625029898",NA,NA
"442","720575940624835209",NA,NA
"443","720575940613580338",NA,NA
"444","720575940640130177",NA,NA
"445","720575940631461843",NA,NA
"446","720575940625657105",NA,NA
"447","720575940644246051",NA,NA
"448","720575940643277422",NA,NA
"449","720575940612146129",NA,NA
"450","720575940627389822",NA,NA
"451","720575940616135707",NA,NA
"452","720575940611764264",NA,NA
"453","720575940615819009",NA,NA
"454","720575940610143667","DNp09","(127781, 82727, 5799)"
"455","720575940634388452",NA,NA
"456","720575940611994799",NA,NA
"457","720575940625092448",NA,NA
"458","720575940627165543","SLP131","(93149.9375, 41142.6925, 3570)"
"459","720575940615378644",NA,NA
"460","720575940618345409",NA,NA
"461","720575940622151915",NA,NA
"462","720575940637683288",NA,NA
"463","720575940621211174",NA,NA
"464","720575940628537295",NA,NA
"465","720575940611896785","SIP039","(103802.64, 33688.715, 3824)"
"466","720575940633799279",NA,NA
"467","720575940625230213",NA,NA
"468","720575940644494115",NA,NA
"469","720575940623823408",NA,NA
"470","720575940629976095",NA,NA
"471","720575940616365691",NA,NA
"472","720575940612033967",NA,NA
"473","720575940626224144",NA,NA
"474","720575940625726048",NA,NA
"475","720575940615889186",NA,NA
"476","720575940619432374",NA,NA
"477","720575940635861476",NA,NA
"478","720575940630409043",NA,NA
"479","720575940614962973",NA,NA
"480","720575940617042043",NA,NA
"481","720575940640265357","FB6S","(116757.45, 32775.2525, 2913)"
"482","720575940614930973",NA,NA
"483","720575940626155182",NA,NA
"484","720575940614411805",NA,NA
"485","720575940612757098",NA,NA
"486","720575940630421279",NA,NA
"487","720575940614903355",NA,NA
"488","720575940613732914",NA,NA
"489","720575940634393207",NA,NA
"490","720575940625049630",NA,NA
"491","720575940603712102",NA,NA
"492","720575940630483364",NA,NA
"493","720575940628659449",NA,NA
"494","720575940628605647",NA,NA
"495","720575940627760992",NA,NA
"496","720575940624069916",NA,NA
"497","720575940624155676","SIP044","(103285.555, 33253.1675, 3783)"
"498","720575940609331662",NA,NA
"499","720575940603833702",NA,NA
"500","720575940612615678",NA,NA
"501","720575940602678752",NA,NA
"502","720575940618130625",NA,NA
"503","720575940628888407",NA,NA
"504","720575940608515448",NA,NA
"505","720575940622574996",NA,NA
"506","720575940621984491",NA,NA
"507","720575940631661337",NA,NA
"508","720575940616722134",NA,NA
"509","720575940618591988",NA,NA
"510","720575940617992897",NA,NA
"511","720575940621392678",NA,NA
"512","720575940628024892",NA,NA
"513","720575940621589139",NA,NA
"514","720575940622269513",NA,NA
"515","720575940627924524",NA,NA
"516","720575940619825140",NA,NA
"517","720575940621793003","VES077","(143819, 47853, 4644)"
"518","720575940628110300","SLP377","(100687, 33038.7775, 4142)"
"519","720575940615484765","SIP032","(117213.325, 27746.1725, 2060)"
"520","720575940621530762",NA,NA
"521","720575940602488288","AN","(131160, 83760, 5798)"
"522","720575940640008333","SIP014","(105390.775, 29986.4475, 2660)"
"523","720575940621031693",NA,NA
"524","720575940625600529",NA,NA
"525","720575940613995718",NA,NA
"526","720575940615867905",NA,NA
"527","720575940623404365",NA,NA
"528","720575940658110337",NA,NA
"529","720575940634668718",NA,NA
"530","720575940612978794",NA,NA
"531","720575940645119620",NA,NA
"532","720575940618999905",NA,NA
"533","720575940647473529",NA,NA
"534","720575940615349137",NA,NA
"535","720575940610695190",NA,NA
"536","720575940629556010",NA,NA
"537","720575940613688507",NA,NA
"538","720575940611516909",NA,NA
"539","720575940614886283",NA,NA
"540","720575940620004649",NA,NA
"541","720575940604874882",NA,NA
"542","720575940612197374",NA,NA
"543","720575940622421223",NA,NA
"544","720575940618545157",NA,NA
"545","720575940621026573",NA,NA
"546","720575940613444914",NA,NA
"547","720575940609959152",NA,NA
"548","720575940619660927",NA,NA
"549","720575940630609747",NA,NA
"550","720575940621758205",NA,NA
"551","720575940641937056","5-HTPMPD01","(115487.93, 33270.235, 3216)"
"552","720575940615415513","DNp32","(130994, 82698, 5798)"
"553","720575940626821379",NA,NA
"554","720575940634328421",NA,NA
"555","720575940650169846",NA,NA
"556","720575940610255539",NA,NA
"557","720575940615887617",NA,NA
"558","720575940614931741",NA,NA
"559","720575940624033994",NA,NA
"560","720575940634946416",NA,NA
"561","720575940614971933",NA,NA
"562","720575940642774052","PS297","(127234.415, 58043.36, 3264)"
"563","720575940608833144",NA,NA
"564","720575940614930717",NA,NA
"565","720575940609447118",NA,NA
"566","720575940628587126",NA,NA
"567","720575940624347932",NA,NA
"568","720575940616136219",NA,NA
"569","720575940621958408",NA,NA
"570","720575940610766962",NA,NA
"571","720575940626594734",NA,NA
"572","720575940615177152",NA,NA
"573","720575940620878872","SMP506","(110365.04, 44192.355, 3713)"
"574","720575940636182079",NA,NA
"575","720575940614816349",NA,NA
"576","720575940632837537",NA,NA
"577","720575940638122741",NA,NA
"578","720575940630995629",NA,NA
"579","720575940630872548",NA,NA
"580","720575940614835798",NA,NA
"581","720575940629455844",NA,NA
"582","720575940621193608",NA,NA
"583","720575940630784740",NA,NA
"584","720575940634374286",NA,NA
"585","720575940628337004",NA,NA
"586","720575940639692763",NA,NA
"587","720575940625614418",NA,NA
"588","720575940626001404",NA,NA
"589","720575940626363920",NA,NA
"590","720575940612610814",NA,NA
"591","720575940612022768",NA,NA
"592","720575940630021191",NA,NA
"593","720575940625378321",NA,NA
"594","720575940627744996",NA,NA
"595","720575940612406336",NA,NA
"596","720575940613509279",NA,NA
"597","720575940616083995",NA,NA
"598","720575940616840709",NA,NA
"599","720575940621921543",NA,NA
"600","720575940619481788",NA,NA
"601","720575940629854348",NA,NA
"602","720575940644804404",NA,NA
"603","720575940621503485",NA,NA
"604","720575940637095221",NA,NA
"605","720575940641473665",NA,NA
"606","720575940616302405",NA,NA
"607","720575940634362254","VA5_lPN","(96447.775, 32645.0875, 4533)"
"608","720575940624865611",NA,NA
"609","720575940619450996",NA,NA
"610","720575940645149316",NA,NA
"611","720575940635977050",NA,NA
"612","720575940635558889","DL1_adPN","(97612.85, 33646.9225, 4430)"
"613","720575940615099677",NA,NA
"614","720575940636537111",NA,NA
"615","720575940621745159",NA,NA
"616","720575940621335236",NA,NA
"617","720575940628847968",NA,NA
"618","720575940653663105",NA,NA
"619","720575940625476625",NA,NA
"620","720575940621692599",NA,NA
"621","720575940628914117",NA,NA
"622","720575940618498395",NA,NA
"623","720575940623023374",NA,NA
"624","720575940614436155",NA,NA
"625","720575940628658681",NA,NA
"626","720575940615006011",NA,NA
"627","720575940612492690",NA,NA
"628","720575940625051013",NA,NA
"629","720575940647822457",NA,NA
"630","720575940614961437",NA,NA
"631","720575940608242786",NA,NA
"632","720575940620561885",NA,NA
"633","720575940626559531",NA,NA
"634","720575940619981662",NA,NA
"635","720575940634177893",NA,NA
"636","720575940621367530",NA,NA
"637","720575940648906369",NA,NA
"638","720575940604973186",NA,NA
"639","720575940621303946",NA,NA
"640","720575940635674601",NA,NA
"641","720575940622548263",NA,NA
"642","720575940618369812",NA,NA
"643","720575940619849204",NA,NA
"644","720575940630866477",NA,NA
"645","720575940628186076",NA,NA
"646","720575940613478336",NA,NA
"647","720575940623970110",NA,NA
"648","720575940615042845",NA,NA
"649","720575940633768420",NA,NA
"650","720575940623741386",NA,NA
"651","720575940613803788",NA,NA
"652","720575940627942188",NA,NA
"653","720575940610711154","DA1_lPN","(113795.125, 58276.2425, 1223)"
"654","720575940625368593",NA,NA
"655","720575940608777170",NA,NA
"656","720575940624275096",NA,NA
"657","720575940620729037","PLP094","(109274.36, 40898.3875, 3773)"
"658","720575940628435671","AVLP434_a","(96059.0625, 43760.375, 2676)"
"659","720575940622636007",NA,NA
"660","720575940626382688",NA,NA
"661","720575940637252174",NA,NA
"662","720575940635575268",NA,NA
"663","720575940632001269",NA,NA
"664","720575940620126588",NA,NA
"665","720575940613943739",NA,NA
"666","720575940652874913",NA,NA
"667","720575940623961648","FB6A","(114853.675, 30678.6025, 3088)"
"668","720575940637566371",NA,NA
"669","720575940630825299",NA,NA
"670","720575940618338053",NA,NA
"671","720575940624659545",NA,NA
"672","720575940620344534",NA,NA
"673","720575940626407153",NA,NA
"674","720575940608799096","SIP040","(107618.4, 31378.75, 2838)"
"675","720575940622462451",NA,NA
"676","720575940615430848",NA,NA
"677","720575940644821889",NA,NA
"678","720575940612233408",NA,NA
"679","720575940652525985",NA,NA
"680","720575940652378785",NA,NA
"681","720575940627223009",NA,NA
"682","720575940603800678",NA,NA
"683","720575940623796030",NA,NA
"684","720575940615558557","DL1_adPN","(115394.445, 54068.9425, 1309)"
"685","720575940625077790",NA,NA
"686","720575940625329029",NA,NA
"687","720575940630186148",NA,NA
"688","720575940635893749",NA,NA
"689","720575940616350528",NA,NA
"690","720575940615962004",NA,NA
"691","720575940624767262",NA,NA
"692","720575940615796564",NA,NA
"693","720575940624034622",NA,NA
"694","720575940628913504",NA,NA
"695","720575940621317119",NA,NA
"696","720575940627015362",NA,NA
"697","720575940618782529",NA,NA
"698","720575940625109629",NA,NA
"699","720575940631194852",NA,NA
"700","720575940625021065",NA,NA
"701","720575940612378048",NA,NA
"702","720575940632525920","AVLP494","(107588.86, 52608.0075, 3094)"
"703","720575940619084909",NA,NA
"704","720575940628657605",NA,NA
"705","720575940622628903",NA,NA
"706","720575940603788465",NA,NA
"707","720575940620616782",NA,NA
"708","720575940618301120",NA,NA
"709","720575940603468832",NA,NA
"710","720575940608018756",NA,NA
"711","720575940624672899",NA,NA
"712","720575940613340096",NA,NA
"713","720575940650047734",NA,NA
"714","720575940628989515",NA,NA
"715","720575940621362217",NA,NA
"716","720575940633245035",NA,NA
"717","720575940603114156",NA,NA
"718","720575940647473785",NA,NA
"719","720575940653210241",NA,NA
"720","720575940615711489",NA,NA
"721","720575940611929395",NA,NA
"722","720575940622005483",NA,NA
"723","720575940649095553",NA,NA
"724","720575940616558144",NA,NA
"725","720575940619882017",NA,NA
"726","720575940608802421","PLP251","(94446.5, 52033.765, 4836)"
"727","720575940639690881",NA,NA
"728","720575940635097456","5-HTPMPD01","(134130.925, 34644.65, 2688)"
"729","720575940623025848",NA,NA
"730","720575940625706383","VA5_lPN","(115045.875, 61460.3275, 1454)"
"731","720575940612690338",NA,NA
"732","720575940612873920",NA,NA
"733","720575940602683360",NA,NA
"734","720575940626551948",NA,NA
"735","720575940657910145",NA,NA
"736","720575940618579846",NA,NA
"737","720575940622978123",NA,NA
"738","720575940630352979","M_lPNm12","(121363.75, 58827.71, 1804)"
"739","720575940622477863",NA,NA
"740","720575940619287813",NA,NA
"741","720575940613955003",NA,NA
"742","720575940620353100",NA,NA
"743","720575940615942228",NA,NA
"744","720575940627881154","SLP192","(104925.36, 25031.21875, 3210)"
"745","720575940634377507",NA,NA
"746","720575940613030111",NA,NA
"747","720575940634542734",NA,NA
"748","720575940632353499",NA,NA
"749","720575940625772431",NA,NA
"750","720575940622475303",NA,NA
"751","720575940646517625","DL2v_adPN","(114450.1875, 56692.505, 1551)"
"752","720575940603069356",NA,NA
"753","720575940618226567",NA,NA
"754","720575940603533344",NA,NA
"755","720575940616136475",NA,NA
"756","720575940624377240","MBON10","(113601.0075, 40777.6175, 2197)"
"757","720575940615285021",NA,NA
"758","720575940620453341",NA,NA
"759","720575940614177565",NA,NA
"760","720575940631261536",NA,NA
"761","720575940616979102",NA,NA
"762","720575940624138558",NA,NA
"763","720575940633629614",NA,NA
"764","720575940629561923","CL002","(107519.225, 40715.1925, 3594)"
"765","720575940617446961",NA,NA
"766","720575940612237504",NA,NA
"767","720575940611731437",NA,NA
"768","720575940628405967",NA,NA
"769","720575940617493464",NA,NA
"770","720575940621163519",NA,NA
"771","720575940620137693",NA,NA
"772","720575940629764920",NA,NA
"773","720575940632826303",NA,NA
"774","720575940608472622","PPL106","(114998.925, 30606.5975, 3028)"
"775","720575940611948584","M_lvPNm28","(120871.39, 61887.11, 1883)"
"776","720575940615650561","SMP496","(108353.4, 33652.475, 3888)"
"777","720575940611922483",NA,NA
"778","720575940625351379","VC4_adPN","(120448.71, 59890.6, 1181)"
"779","720575940621886903",NA,NA
"780","720575940619743070",NA,NA
"781","720575940608672558",NA,NA
"782","720575940617655125",NA,NA
"783","720575940636087386",NA,NA
"784","720575940614958528",NA,NA
"785","720575940621389764",NA,NA
"786","720575940619569157",NA,NA
"787","720575940627159655",NA,NA
"788","720575940626256625",NA,NA
"789","720575940621737397",NA,NA
"790","720575940626032558",NA,NA
"791","720575940603713726",NA,NA
"792","720575940629830062",NA,NA
"793","720575940612766098","SIP030","(110246.175, 28588.725, 2873)"
"794","720575940639713921",NA,NA
"795","720575940623720592",NA,NA
"796","720575940614831675",NA,NA
"797","720575940615686946",NA,NA
"798","720575940618529670",NA,NA
"799","720575940621409574",NA,NA
"800","720575940621322751",NA,NA
"801","720575940631472339",NA,NA
"802","720575940627594178",NA,NA
"803","720575940622667507",NA,NA
"804","720575940617326207",NA,NA
"805","720575940632999578",NA,NA
"806","720575940619508607",NA,NA
"807","720575940642068609",NA,NA
"808","720575940623712202",NA,NA
"809","720575940644327476","SMP190","(113869.665, 29585.195, 3361)"
"810","720575940617873669",NA,NA
"811","720575940604779465",NA,NA
"812","720575940613301440",NA,NA
"813","720575940618635841",NA,NA
"814","720575940630064744",NA,NA
"815","720575940625322408",NA,NA
"816","720575940605145474",NA,NA
"817","720575940617946448",NA,NA
"818","720575940626979331",NA,NA
"819","720575940620306957","VA7l_adPN","(118705.72, 61498.2425, 964)"
"820","720575940639806427","SMP014","(105256.65, 36395.6375, 2129)"
"821","720575940632506815","PAM05","(125095.32, 40514.1175, 1634)"
"822","720575940622946617",NA,NA
"823","720575940612677778",NA,NA
"824","720575940614413853",NA,NA
"825","720575940633388536",NA,NA
"826","720575940618330095",NA,NA
"827","720575940632350453",NA,NA
"828","720575940618559915",NA,NA
"829","720575940619093613",NA,NA
"830","720575940614486768",NA,NA
"831","720575940613929364",NA,NA
"832","720575940632699455","DC3_adPN","(116382.39, 60005.48, 1156)"
"833","720575940614961088",NA,NA
"834","720575940633456495",NA,NA
"835","720575940630445651",NA,NA
"836","720575940635525342",NA,NA
"837","720575940626808363",NA,NA
"838","720575940615265309",NA,NA
"839","720575940622928056",NA,NA
"840","720575940629298643",NA,NA
"841","720575940610429445",NA,NA
"842","720575940618474793",NA,NA
"843","720575940628334432",NA,NA
