"","post_id","post_type","xyz"
"1","720575940632626839","SMPneuron_R","113798, 24321, 2558"
"2","720575940625063817","SMP175","(119376.415, 31065.25, 3750)"
"3","720575940620520268","mALB1_L","101141, 38759, 3833"
"4","720575940614875990","CRE050","(125701.825, 39090.25, 2195)"
"5","720575940621981621",NA,NA
"6","720575940628647286","AL-MBDL1_L","130989, 51844, 1568"
"7","720575940615177245",NA,NA
"8","720575940625305098","LAL115","(110942.5, 58990.25, 2657.2)"
"9","720575940609747093",NA,NA
"10","720575940609178062",NA,NA
"11","720575940629790520",NA,NA
"12","720575940613563039",NA,NA
"13","720575940613406786","mALB1","(163131.725, 40543.255, 3267)"
"14","720575940618652525",NA,NA
"15","720575940644368692",NA,NA
"16","720575940625822120",NA,NA
"17","720575940608785618",NA,NA
"18","720575940639676545",NA,NA
"19","720575940625530133","SIP090","(100466.93, 35257.34, 3891)"
"20","720575940630208047",NA,NA
"21","720575940629661763",NA,"155638, 67849, 1964"
"22","720575940609442766","WEDPN4_L","161918, 60445, 3863"
"23","720575940638360821",NA,NA
"24","720575940630164807",NA,NA
"25","720575940626850347",NA,NA
"26","720575940606483925",NA,NA
"27","720575940628504663","LAL183","(137684.5, 57391.5675, 3349)"
"28","720575940630521764",NA,NA
"29","720575940625604625",NA,NA
"30","720575940608904146",NA,NA
"31","720575940612775058",NA,NA
"32","720575940629277970",NA,NA
"33","720575940613392140","DM2_lPN","(121947.765, 60104.13, 1618)"
"34","720575940619775612",NA,NA
"35","720575940622206707","WEDPN4","(101778.14, 62440.335, 4163)"
"36","720575940632957338",NA,NA
"37","720575940623010830",NA,NA
"38","720575940626123082","SMP002","(108039.82, 33408.3125, 2535)"
"39","720575940618754030",NA,NA
"40","720575940620849348","VL2a_adPN","(113975.97, 56674.32, 1467)"
"41","720575940618704294",NA,NA
"42","720575940619080118",NA,NA
"43","720575940625980136","SIP019","(108906.575, 24841.6625, 2685)"
"44","720575940647678329",NA,NA
"45","720575940627547586",NA,NA
"46","720575940629009423",NA,NA
"47","720575940622919182",NA,"164303, 60399, 4410"
"48","720575940624291100",NA,NA
"49","720575940652734625",NA,NA
"50","720575940625726229","ALIN1","(127931.6325, 42743.025, 3764)"
"51","720575940657660801",NA,NA
"52","720575940627768108","SLP439","(109019.595, 25933.4725, 3217)"
"53","720575940617439537","WEDPN2B","(102148.5075, 61254.0575, 4313)"
"54","720575940628552911",NA,NA
"55","720575940609321166","DM4_adPN","(108520.75, 32098, 4699)"
"56","720575940612577790",NA,NA
"57","720575940657580417",NA,NA
"58","720575940646521465",NA,NA
"59","720575940627705600",NA,NA
"60","720575940603971761","SMP108","(123560.075, 49066.3825, 1620)"
"61","720575940615600870",NA,NA
"62","720575940614246173",NA,NA
"63","720575940625609476",NA,NA
"64","720575940635743551",NA,NA
"65","720575940626631017",NA,NA
"66","720575940609836401","SMP603","(111591.05, 33167.9025, 1547)"
"67","720575940611493329",NA,NA
"68","720575940633605556",NA,NA
"69","720575940626206538",NA,NA
"70","720575940620197801","PPL103","(125058.525, 34855.84, 2229)"
"71","720575940617081304",NA,NA
"72","720575940627971799",NA,NA
"73","720575940638068725",NA,NA
"74","720575940628820729",NA,NA
"75","720575940616472118",NA,NA
"76","720575940626425841",NA,NA
"77","720575940618974317",NA,NA
"78","720575940630045288",NA,NA
"79","720575940609893555",NA,NA
"80","720575940629358403",NA,NA
"81","720575940619938593",NA,NA
"82","720575940604861641",NA,NA
"83","720575940626913127",NA,NA
"84","720575940626099630","SMP058","(121384.3, 28211.35, 1663)"
"85","720575940603829094","AVLP571","(108887.5, 48733.5, 3201)"
"86","720575940616417403",NA,NA
"87","720575940614119029",NA,NA
"88","720575940632205759",NA,NA
"89","720575940640213889",NA,NA
"90","720575940637419325",NA,NA
"91","720575940627971072",NA,NA
"92","720575940630792877",NA,NA
"93","720575940625643919",NA,NA
"94","720575940608106542",NA,NA
"95","720575940622118837",NA,NA
"96","720575940611235053","VC1_lPN","(95635.78, 33065.5425, 4570)"
"97","720575940615293396","DSKMP3","(104504.1175, 32830.3675, 2715)"
"98","720575940633581304",NA,NA
"99","720575940639962497",NA,NA
"100","720575940634228325",NA,NA
"101","720575940618703782",NA,NA
"102","720575940639204597",NA,NA
"103","720575940635692766",NA,NA
"104","720575940621868471",NA,NA
"105","720575940647636089",NA,NA
"106","720575940638140661",NA,NA
"107","720575940634543472",NA,NA
"108","720575940636517190","SLP171","(99966.25, 30970, 3616)"
"109","720575940621571818","SMP076","(117573.4925, 25160.4625, 3450)"
"110","720575940658111361","SIP013","(99587.96, 34203.7775, 3900)"
"111","720575940621400361",NA,NA
"112","720575940626078736",NA,NA
"113","720575940610426085",NA,NA
"114","720575940609901425",NA,NA
"115","720575940613277888",NA,NA
"116","720575940630869293",NA,NA
"117","720575940622994253","CRE018","(112549.335, 38652.605, 2354)"
"118","720575940623064078",NA,NA
"119","720575940629963624",NA,NA
"120","720575940625617234",NA,NA
"121","720575940614294389",NA,NA
"122","720575940624512514","WEDPN2A","(100799.43, 61735.0075, 4274)"
"123","720575940608137501","SLP215","(108409.25, 34898.25, 2854)"
"124","720575940641685152","SLP421","(107607.9, 26390.31, 3287)"
"125","720575940618621606",NA,NA
"126","720575940632602303",NA,NA
"127","720575940630845869",NA,NA
"128","720575940610562930",NA,NA
"129","720575940619439476",NA,NA
"130","720575940624292892",NA,NA
"131","720575940632575204",NA,NA
"132","720575940621344767",NA,NA
"133","720575940626296592",NA,NA
"134","720575940618814960","SLP314","(98851.75, 32736.7675, 4286)"
"135","720575940626260752",NA,NA
"136","720575940616620608",NA,NA
"137","720575940617614795",NA,NA
"138","720575940627808122",NA,NA
"139","720575940638116597",NA,NA
"140","720575940625294138",NA,NA
"141","720575940619104244",NA,NA
"142","720575940613901362","VC5_adPN","(100376.11, 32539.92, 4572)"
"143","720575940617942804",NA,NA
"144","720575940619266032",NA,NA
"145","720575940631218899","VC3l_adPN","(121776.78, 59531.1125, 1514)"
"146","720575940624297624",NA,NA
"147","720575940631770852",NA,NA
"148","720575940644244515",NA,NA
"149","720575940625908200",NA,NA
"150","720575940615335773",NA,NA
"151","720575940630300108",NA,NA
"152","720575940609900145",NA,NA
"153","720575940637224782",NA,NA
"154","720575940603907774",NA,NA
"155","720575940612566782",NA,NA
"156","720575940615712230",NA,NA
"157","720575940609979610",NA,NA
"158","720575940621485706",NA,NA
"159","720575940602443744","SMP059","(117460.7425, 30030.76375, 1974)"
"160","720575940624835209",NA,NA
"161","720575940612146129",NA,NA
"162","720575940616135707",NA,NA
"163","720575940610143667","DNp09","(127781, 82727, 5799)"
"164","720575940615378644",NA,NA
"165","720575940628537295",NA,NA
"166","720575940625937393",NA,NA
"167","720575940625230213",NA,NA
"168","720575940644494115",NA,NA
"169","720575940629976095",NA,NA
"170","720575940616365691",NA,NA
"171","720575940635861476",NA,NA
"172","720575940624724101",NA,NA
"173","720575940640265357","FB6S","(116757.45, 32775.2525, 2913)"
"174","720575940626155182",NA,NA
"175","720575940612757098",NA,NA
"176","720575940625049630",NA,NA
"177","720575940628659449",NA,NA
"178","720575940637680189",NA,NA
"179","720575940624155676","SIP044","(103285.555, 33253.1675, 3783)"
"180","720575940609331662",NA,NA
"181","720575940612615678",NA,NA
"182","720575940618130625",NA,NA
"183","720575940622151915",NA,NA
"184","720575940631661337",NA,NA
"185","720575940616722134",NA,NA
"186","720575940613630476",NA,NA
"187","720575940622269513",NA,NA
"188","720575940621215743",NA,NA
"189","720575940621031693",NA,NA
"190","720575940625600529",NA,NA
"191","720575940611896785","SIP039","(103802.64, 33688.715, 3824)"
"192","720575940618999905",NA,NA
"193","720575940613955003",NA,NA
"194","720575940615349137",NA,NA
"195","720575940610695190",NA,NA
"196","720575940612033967",NA,NA
"197","720575940629556010",NA,NA
"198","720575940613688507",NA,NA
"199","720575940614886283",NA,NA
"200","720575940620004649",NA,NA
"201","720575940612197374",NA,NA
"202","720575940622421223",NA,NA
"203","720575940618545157",NA,NA
"204","720575940619660927",NA,NA
"205","720575940621758205",NA,NA
"206","720575940641937056","5-HTPMPD01","(115487.93, 33270.235, 3216)"
"207","720575940614931741",NA,NA
"208","720575940614971933",NA,NA
"209","720575940627165543","SLP131","(93149.9375, 41142.6925, 3570)"
"210","720575940630421279",NA,NA
"211","720575940616136219",NA,NA
"212","720575940621958408",NA,NA
"213","720575940626594734",NA,NA
"214","720575940636182079",NA,NA
"215","720575940632837537",NA,NA
"216","720575940630995629",NA,NA
"217","720575940621193608",NA,NA
"218","720575940634374286",NA,NA
"219","720575940628337004",NA,NA
"220","720575940625614418",NA,NA
"221","720575940626001404",NA,NA
"222","720575940612022768",NA,NA
"223","720575940630021191",NA,NA
"224","720575940634946416",NA,NA
"225","720575940622005483",NA,NA
"226","720575940621921543",NA,NA
"227","720575940644804404",NA,NA
"228","720575940615430848",NA,NA
"229","720575940621503485",NA,NA
"230","720575940637095221",NA,NA
"231","720575940641473665",NA,NA
"232","720575940635977050",NA,NA
"233","720575940615484765","SIP032","(117213.325, 27746.1725, 2060)"
"234","720575940628847968",NA,NA
"235","720575940621692599",NA,NA
"236","720575940628914117","LAL030_a","(113565.0625, 38048.7, 2488)"
"237","720575940628658681",NA,NA
"238","720575940612492690",NA,NA
"239","720575940625051013",NA,NA
"240","720575940647822457",NA,NA
"241","720575940614961437",NA,NA
"242","720575940619981662",NA,NA
"243","720575940628605647",NA,NA
"244","720575940621367530",NA,NA
"245","720575940632690330","WEDPN3","(100889.5, 59186.25, 4448)"
"246","720575940629561923","CL002","(107519.225, 40715.1925, 3594)"
"247","720575940635674601",NA,NA
"248","720575940618369812",NA,NA
"249","720575940619849204",NA,NA
"250","720575940613478336",NA,NA
"251","720575940623970110",NA,NA
"252","720575940615042845",NA,NA
"253","720575940621986795",NA,NA
"254","720575940608777170",NA,NA
"255","720575940620729037","PLP094","(109274.36, 40898.3875, 3773)"
"256","720575940615650561","SMP496","(108353.4, 33652.475, 3888)"
"257","720575940637252174",NA,NA
"258","720575940635575268",NA,NA
"259","720575940613943739",NA,NA
"260","720575940630825299",NA,NA
"261","720575940624659545",NA,NA
"262","720575940620344534",NA,NA
"263","720575940626407153",NA,NA
"264","720575940609911409","VM3_adPN","(107448.445, 32614.2775, 4685)"
"265","720575940644821889",NA,NA
"266","720575940603800678",NA,NA
"267","720575940635533278",NA,NA
"268","720575940626559531",NA,NA
"269","720575940635893749",NA,NA
"270","720575940615796564",NA,NA
"271","720575940628913504",NA,NA
"272","720575940625109629",NA,NA
"273","720575940625021065",NA,NA
"274","720575940632525920","AVLP494","(107588.86, 52608.0075, 3094)"
"275","720575940619084909",NA,NA
"276","720575940628657605",NA,NA
"277","720575940622628903",NA,NA
"278","720575940618834086","VM3_adPN","(122684.6175, 61482.325, 1441)"
"279","720575940608018756",NA,NA
"280","720575940625077790",NA,NA
"281","720575940603114156",NA,NA
"282","720575940653210241",NA,NA
"283","720575940615711489",NA,NA
"284","720575940621094378","DM6_adPN","(122909.835, 55771.5675, 1223)"
"285","720575940639806427","SMP014","(105256.65, 36395.6375, 2129)"
"286","720575940634328421",NA,NA
"287","720575940639690881",NA,NA
"288","720575940623025848",NA,NA
"289","720575940615388561","SIP042_b","(114928.765, 29507.85, 2063)"
"290","720575940614353238","DC3_adPN","(112711.805, 33613.225, 4563)"
"291","720575940609727345",NA,NA
"292","720575940602683360",NA,NA
"293","720575940626551948",NA,NA
"294","720575940619287813",NA,NA
"295","720575940627881154","SLP192","(104925.36, 25031.21875, 3210)"
"296","720575940634377507",NA,NA
"297","720575940618226567",NA,NA
"298","720575940624377240","MBON10","(113601.0075, 40777.6175, 2197)"
"299","720575940615285021",NA,NA
"300","720575940620453341",NA,NA
"301","720575940614177565",NA,NA
"302","720575940611801297",NA,NA
"303","720575940621500413",NA,NA
"304","720575940612237504",NA,NA
"305","720575940609447118",NA,NA
"306","720575940621163519",NA,NA
"307","720575940620137693",NA,NA
"308","720575940629764920",NA,NA
"309","720575940632826303",NA,NA
"310","720575940652525985",NA,NA
"311","720575940619743070",NA,NA
"312","720575940614958528",NA,NA
"313","720575940603713726",NA,NA
"314","720575940629830062",NA,NA
"315","720575940623720592",NA,NA
"316","720575940639713921",NA,NA
"317","720575940614831675",NA,NA
"318","720575940615686946",NA,NA
"319","720575940622198792",NA,NA
"320","720575940621409574",NA,NA
"321","720575940622667507",NA,NA
"322","720575940632999578",NA,NA
"323","720575940619481788",NA,NA
"324","720575940644327476","SMP190","(113869.665, 29585.195, 3361)"
"325","720575940630064744",NA,NA
"326","720575940620306957","VA7l_adPN","(118705.72, 61498.2425, 964)"
"327","720575940622595220",NA,NA
"328","720575940622946617",NA,NA
"329","720575940614413853",NA,NA
"330","720575940647473785",NA,NA
"331","720575940618330095",NA,NA
"332","720575940630609747",NA,NA
"333","720575940632350453",NA,NA
"334","720575940619093613",NA,NA
"335","720575940627594178",NA,NA
"336","720575940614961088",NA,NA
"337","720575940635525342",NA,NA
"338","720575940626808363",NA,NA
"339","720575940615265309",NA,NA
"340","720575940629298643",NA,NA
"341","720575940610429445",NA,NA
"342","720575940618474793",NA,NA
"343","720575940603788465",NA,NA
"344","720575940622978123",NA,NA
"345","720575940627768770",NA,NA
